Fold,MAE,RMSE
1,3.958028776524386e-13,8.819921101583354e-13
2,1.737440960334005e-13,2.590791658161801e-13
3,3.3924726276032186e-13,4.459382026347822e-13
4,4.862735855008046e-13,6.518542924886926e-13
5,4.47781267193675e-13,5.89255684589812e-13
